,XTL,XTL,XTL,XTL,XTL,XTL,XTL,KRE,KRE,KRE,KRE,KRE,KRE,KRE,KBE,KBE,KBE,KBE,KBE,KBE,KBE,IBB,IBB,IBB,IBB,IBB,IBB,IBB,SMH,SMH,SMH,SMH,SMH,SMH,SMH,XRT,XRT,XRT,XRT,XRT,XRT,XRT,XME,XME,XME,XME,XME,XME,XME,OIH,OIH,OIH,OIH,OIH,OIH,OIH,IYE,IYE,IYE,IYE,IYE,IYE,IYE,GDXJ,GDXJ,GDXJ,GDXJ,GDXJ,GDXJ,GDXJ,VNQ,VNQ,VNQ,VNQ,VNQ,VNQ,VNQ,ITB,ITB,ITB,ITB,ITB,ITB,ITB,XHB,XHB,XHB,XHB,XHB,XHB,XHB,IYR,IYR,IYR,IYR,IYR,IYR,IYR,XOP,XOP,XOP,XOP,XOP,XOP,XOP,XLB,XLB,XLB,XLB,XLB,XLB,XLB,XLP,XLP,XLP,XLP,XLP,XLP,XLP,XLY,XLY,XLY,XLY,XLY,XLY,XLY,XLV,XLV,XLV,XLV,XLV,XLV,XLV,XLK,XLK,XLK,XLK,XLK,XLK,XLK,GDX,GDX,GDX,GDX,GDX,GDX,GDX,XLI,XLI,XLI,XLI,XLI,XLI,XLI,XLU,XLU,XLU,XLU,XLU,XLU,XLU,XLF,XLF,XLF,XLF,XLF,XLF,XLF,XLE,XLE,XLE,XLE,XLE,XLE,XLE
,Open,High,Low,Close,Volume,Dividends,Stock Splits,Open,High,Low,Close,Volume,Dividends,Stock Splits,Open,High,Low,Close,Volume,Dividends,Stock Splits,Open,High,Low,Close,Volume,Dividends,Stock Splits,Open,High,Low,Close,Volume,Dividends,Stock Splits,Open,High,Low,Close,Volume,Dividends,Stock Splits,Open,High,Low,Close,Volume,Dividends,Stock Splits,Open,High,Low,Close,Volume,Dividends,Stock Splits,Open,High,Low,Close,Volume,Dividends,Stock Splits,Open,High,Low,Close,Volume,Dividends,Stock Splits,Open,High,Low,Close,Volume,Dividends,Stock Splits,Open,High,Low,Close,Volume,Dividends,Stock Splits,Open,High,Low,Close,Volume,Dividends,Stock Splits,Open,High,Low,Close,Volume,Dividends,Stock Splits,Open,High,Low,Close,Volume,Dividends,Stock Splits,Open,High,Low,Close,Volume,Dividends,Stock Splits,Open,High,Low,Close,Volume,Dividends,Stock Splits,Open,High,Low,Close,Volume,Dividends,Stock Splits,Open,High,Low,Close,Volume,Dividends,Stock Splits,Open,High,Low,Close,Volume,Dividends,Stock Splits,Open,High,Low,Close,Volume,Dividends,Stock Splits,Open,High,Low,Close,Volume,Dividends,Stock Splits,Open,High,Low,Close,Volume,Dividends,Stock Splits,Open,High,Low,Close,Volume,Dividends,Stock Splits,Open,High,Low,Close,Volume,Dividends,Stock Splits
Date,,,,,,,,,,,,,,,,,,,,,,,,,,,,,,,,,,,,,,,,,,,,,,,,,,,,,,,,,,,,,,,,,,,,,,,,,,,,,,,,,,,,,,,,,,,,,,,,,,,,,,,,,,,,,,,,,,,,,,,,,,,,,,,,,,,,,,,,,,,,,,,,,,,,,,,,,,,,,,,,,,,,,,,,,,,,,,,
2022-06-02,84.05896086280663,85.86443328857422,84.05896086280663,85.86443328857422,1400,0.0,0,63.039879238214574,64.35176038208726,62.63240106157586,64.3418197631836,5559700,0.0,0,48.16059532880904,49.16394319645599,47.90230997262579,49.15400695800781,2102200,0.0,0,115.10977913136651,116.32946014404297,113.10030455101607,116.32946014404297,1955000,0.0,0,240.30999755859375,249.1199951171875,239.42999267578125,249.05999755859375,4366600,0,0,64.93681800495229,66.77709092881668,64.55881841933632,66.60798645019531,5439200,0.0,0,53.98413813087364,55.62665907944612,53.91445579219749,55.28820037841797,7094200,0.0,0,297.42999267578125,301.0899963378906,294.17999267578125,296.3299865722656,1020900,0,0,46.0935930507019,46.70923620922292,45.88507058791606,46.411346435546875,2033000,0.0,0,40.09000015258789,42.189998626708984,40.060001373291016,41.970001220703125,9493800,0,0,97.26042962001895,99.01922999598452,96.07796732016625,98.96954345703125,5450800,0.0,0,59.78734725871598,60.79561823995251,59.62762165283757,60.725738525390625,3026500,0.0,0,61.95599450282646,63.06306457519532,61.73657791700068,63.06306457519531,2976100,0.0,0,97.41244279627811,99.38539918264354,96.37613932371161,99.32561492919922,6916000,0.0,0,157.38239089627376,160.31491711767725,156.19943599015514,158.7740936279297,6483300,0.0,0,85.48828450637558,86.91838073730469,85.29958814923884,86.91838073730469,6525400,0.0,0,73.12092747702222,74.01422119140625,71.91994665033498,74.01422119140625,17618500,0.0,0,152.72682108138684,157.3361571097356,152.09826972349038,157.24636840820312,5812800,0.0,0,129.95139972323696,130.83765770360202,127.63119283202424,130.8077850341797,9575400,0.0,0,138.67961133375925,143.05823215157687,138.03130217606054,143.0482635498047,6934200,0.0,0,32.41999816894531,33.52000045776367,32.400001525878906,33.349998474121094,21415300,0,0,94.35573493211953,95.55049401047289,93.5194104137124,95.5007095336914,8432500,0.0,0,73.97798676352879,74.18631866047193,72.47997256875723,74.11687469482422,12519100,0.0,0,34.7447909766339,35.22224541746338,34.47622214220408,35.192405700683594,45334700,0.0,0,87.02408760763112,87.97344038524923,86.4900752555737,87.36031341552734,26302700,0.0,0
2022-06-03,84.74723653371457,85.07641195196221,84.35821380679954,84.52778625488281,5400,0.0,0,63.87471419746293,64.03373378236415,63.308223986812386,63.55668640136719,5938300,0.0,0,48.74671158184775,48.9056573015022,48.34934538792917,48.488426208496094,1581900,0.0,0,115.75961624383437,117.53914793030721,115.19976563525213,116.46942901611328,1719900,0.0,0,243.6300048828125,244.77000427246094,240.3800048828125,241.72000122070312,3900000,0,0,65.8519825422615,66.40904377433091,65.0959833382811,65.48393249511719,4755100,0.0,0,54.551552513698276,54.79046609670072,53.20767452684195,54.10359191894531,5442900,0.0,0,296.6199951171875,303.3399963378906,293.6600036621094,302.760009765625,1078800,0,0,46.36169323959662,47.12627936226074,46.36169323959662,46.997196197509766,1250000,0.0,0,41.36000061035156,41.810001373291016,40.70000076293945,40.869998931884766,7040000,0,0,98.19448610464013,98.721130082882,97.3896156911838,97.64796447753906,4989900,0.0,0,59.9370943705737,60.91541422651073,59.597676966827464,60.4162712097168,1876800,0.0,0,62.15546747204296,62.93340696164867,61.84628453930493,62.42475509643555,1970500,0.0,0,98.40888933468779,99.0665389412074,97.77116527891769,98.0003433227539,6051400,0.0,0,158.7144428190107,161.14993005206543,157.97881989005788,160.66282653808594,4331300,0.0,0,86.14374489452179,86.75948572632753,85.76635975196659,86.07422637939453,5325600,0.0,0,73.70652893196699,73.99436841830851,73.0812195892994,73.26980590820312,9745300,0.0,0,154.03381099766943,155.14125075994752,152.1282138459284,152.6470184326172,5357100,0.0,0,129.9016027069889,130.47916628835785,129.10496276045788,129.27426147460938,5846200,0.0,0,140.33531798312004,141.3028050670143,138.97884234523406,139.62716674804688,5631600,0.0,0,32.93000030517578,33.279998779296875,32.470001220703125,32.560001373291016,14520000,0,0,94.64446828253223,95.38123904021604,94.5349485103372,95.13233184814453,6828800,0.0,0,73.8093411858067,74.21608226702766,73.62084717053423,73.75973510742188,8845200,0.0,0,34.86415407668607,35.01336025140263,34.645323160097924,34.68510818481445,36674800,0.0,0,87.46909181935301,88.79423522349975,87.37020232227579,88.51734161376953,20520800,0.0,0
2022-06-06,85.24598206313965,85.41555450657432,84.45795954270478,84.58763885498047,2900,0.0,0,64.04367318280867,64.67973634536226,63.705760362562145,63.85483932495117,5620800,0.0,0,48.87585496177234,49.42223062280496,48.647370732233775,48.69704055786133,1941900,0.0,0,117.27921139989914,117.72909788093173,114.5499321166824,115.20975494384766,1495500,0.0,0,245.72000122070312,247.4499969482422,240.52999877929688,241.9199981689453,4215200,0,0,66.20014322266798,66.38913921350148,64.93681548600466,65.91166687011719,4905600,0.0,0,54.82032717591322,55.12892308662635,53.84477068716514,54.91987228393555,3055900,0.0,0,304.9800109863281,306.739990234375,300.0799865722656,303.8699951171875,556600,0,0,47.24543829754849,47.34473362241444,46.74895409747105,46.997196197509766,1120000,0.0,0,41.38999938964844,41.560001373291016,39.91999816894531,40.130001068115234,4749000,0,0,98.46277222159192,98.66151080165976,97.10144895836011,97.33992767333984,5445300,0.0,0,60.96532539124043,61.145017174937855,59.97702438906345,60.585975646972656,1884500,0.0,0,62.92343360903959,63.21266888104168,62.12554648336653,62.723960876464844,2185000,0.0,0,98.73770698536441,98.94696707361864,97.48219206946,97.66155242919922,7749900,0.0,0,162.1937185954198,163.11820356088867,159.7283950173261,162.06448364257812,4636400,0.0,0,86.70982497612616,87.23618052160136,86.42181753904637,86.88858795166016,5592000,0.0,0,73.77600925547335,74.00429079059572,73.05144672229771,73.2995834350586,10924200,0.0,0,155.36073411768473,156.14890478246457,153.23564344420734,154.17347717285156,5117400,0.0,0,130.20035237767527,130.46922160458075,128.9456546431898,129.29417419433594,7729000,0.0,0,141.38259487152098,142.26031884916924,138.94891672930677,139.6371307373047,6294800,0.0,0,32.84000015258789,32.95000076293945,31.969999313354492,32.220001220703125,12275800,0,0,95.81931187164344,96.11800354472014,95.33145589525998,95.53057861328125,8334500,0.0,0,74.424417182572,74.66251728585962,73.99783062521318,74.08712005615234,10172900,0.0,0,34.973571430134726,35.33166321385666,34.774631128681364,34.78458023071289,32829600,0.0,0,88.94257818519795,89.00191037778514,87.94377685619622,88.41845703125,16692300,0.0,0
2022-06-07,84.98663429121017,85.02653503417969,84.72729087734112,85.02653503417969,9300,0.0,0,63.258529208205374,64.39151715728015,63.020003633604446,64.38157653808594,5050100,0.0,0,48.24007281868011,49.17387843893369,48.12086068791722,49.14407730102539,1245300,0.0,0,114.37997923063992,117.94904205624158,114.30999027832958,117.79907989501953,1576300,0.0,0,238.8800048828125,244.3699951171875,237.16000366210938,243.85000610351562,2887200,0,0,64.66824124061287,66.49856462394717,64.22060235998326,66.32946014404297,5717800,0.0,0,54.7805072587846,56.900851463062565,54.63118959771865,56.83116912841797,4450300,0.0,0,302.2099914550781,313.29998779296875,300.9200134277344,312.5899963378906,1009700,0,0,46.9177603681171,48.48665237426758,46.9177603681171,48.48665237426758,994400,0.0,0,39.970001220703125,40.689998626708984,39.869998931884766,40.52000045776367,2731100,0,0,96.86297059328186,98.73106776605779,96.48537108033977,98.68138122558594,6489200,0.0,0,59.83726063868722,60.84553161726418,59.4079973599915,60.7856330871582,2109900,0.0,0,61.82633878733752,63.02316756386527,61.34760271117535,62.993247985839844,2841400,0.0,0,97.3825524930256,99.01672133744567,96.79464611482365,98.9668960571289,6406600,0.0,0,161.42827925452946,168.2675387758641,160.96106151580906,168.1482391357422,4693100,0.0,0,86.15368160265766,87.62351143532764,85.92525928587611,87.51426696777344,6205700,0.0,0,72.34673929236602,73.78592919588661,72.34673929236602,73.68667602539062,9070200,0.0,0,151.03075887649717,154.2433312920055,150.16275568534994,153.7943572998047,4818600,0.0,0,129.29416811994318,131.10652440147516,128.82614271513626,130.97706604003906,7219100,0.0,0,138.15098234646226,141.57209984274272,137.87170931238697,141.30279541015625,5508300,0.0,0,32.15999984741211,32.630001068115234,32.099998474121094,32.529998779296875,11530600,0,0,94.6842964034757,96.9145027660344,94.36569549453876,96.81494140625,7427700,0.0,0,73.89862039567943,74.60298278431422,73.44227325242977,74.53353881835938,9910000,0.0,0,34.54584844303988,35.08298607715426,34.51600872819031,35.05314636230469,32031400,0.0,0,88.35911757687441,91.17750990557396,88.28989417037252,91.05884552001953,25689400,0.0,0
2022-06-08,85.12627653793048,85.12627653793048,84.14873504638672,84.14873504638672,500,0.0,0,63.7753295371022,63.8747129845427,62.88086713643123,63.28834533691406,4978300,0.0,0,48.6771717858883,48.79638012510213,48.01158778658255,48.3294792175293,1259700,0.0,0,117.64912015789417,119.63859583074797,117.3192049218864,118.0989990234375,1269100,0.0,0,242.72999572753906,243.6999969482422,237.25999450683594,238.77000427246094,4091700,0,0,65.98129903603555,67.21477811932901,65.42423784576906,66.269775390625,3351500,0.0,0,56.32348288832345,56.413071206336056,54.26286423377772,54.67100524902344,5427000,0.0,0,313.75,317.0,308.260009765625,310.8699951171875,1295200,0,0,48.63559472426573,48.96327613429926,48.16889833586916,48.4370002746582,928300,0.0,0,40.13999938964844,40.56999969482422,39.720001220703125,40.130001068115234,3955800,0,0,98.04543344961881,98.29385099109312,96.19720633456176,96.40587615966797,4566100,0.0,0,60.25654250120172,60.28648986206004,59.02865119994631,59.407997131347656,2420400,0.0,0,62.47462347722951,62.62422898396014,61.48723930761082,61.75652313232422,2885100,0.0,0,98.38895273316533,98.5982052189178,96.46581405675047,96.69499969482422,5968800,0.0,0,169.24171864921593,169.60952252307573,165.10635201566276,166.70681762695312,6488900,0.0,0,86.61051242637991,87.34542350135224,85.50814202544662,85.69683837890625,4237800,0.0,0,73.26980836191832,73.43853950946631,72.73383215276746,72.78346252441406,7896600,0.0,0,153.00617762224167,155.1312682856402,152.48737307242536,152.88645935058594,4405100,0.0,0,130.6086183220226,131.08659618893282,129.57298188330097,129.94143676757812,5372000,0.0,0,140.88388916740416,141.56211934630267,139.31795120027323,139.7069549560547,4407100,0.0,0,32.380001068115234,32.689998626708984,32.130001068115234,32.310001373291016,9693300,0,0,96.0881337363407,96.32708251180306,94.8435977865758,95.06263732910156,7028700,0.0,0,74.20616715541543,74.20616715541543,72.96609088322484,73.0752182006836,9985700,0.0,0,34.78457834202345,34.88404659011401,34.30712392114199,34.436431884765625,38251800,0.0,0,91.50384983808127,92.27519850463543,90.69294386237239,91.25662231445312,28492700,0.0,0
2022-06-09,83.71981296665408,83.78963736004259,82.28341674804688,82.28341674804688,2700,0.0,0,63.03988224761218,63.367850653619264,61.2410130549382,61.250953674316406,11321400,0.0,0,48.130793938504766,48.31954078281285,46.84929203410805,46.879093170166016,1680400,0.0,0,117.69000244140625,117.69000244140625,113.9000015258789,113.9800033569336,1537000,0.031,0,237.16000366210938,240.72000122070312,232.27000427246094,232.4199981689453,4938400,0,0,66.05093398977772,66.69751843092942,65.50382232666016,65.50382232666016,4132700,0.0,0,54.15336719952589,54.26286530060599,52.02306616859733,52.05293273925781,4536500,0.0,0,306.57000732421875,307.0299987792969,299.7799987792969,300.0799865722656,1025000,0,0,48.06999969482422,48.31999969482422,47.27000045776367,47.310001373291016,1065300,0.343,0,39.900001525878906,39.900001525878906,38.45000076293945,38.4900016784668,7249100,0,0,95.99847359511331,96.53505638471154,94.12043762207033,94.12043762207031,4358600,0.0,0,59.13999938964844,60.29999923706055,58.97999954223633,59.310001373291016,5179000,0.102,0,61.596943012855206,62.55441136582516,61.367550702603566,61.467288970947266,2648700,0.0,0,96.29000091552734,96.95999908447266,94.5,94.55000305175781,8054300,0.345,0,165.0168941208017,167.6909654946465,162.70069131684733,164.49996948242188,5563100,0.0,0,85.04137135749525,85.32937878879748,83.64106772469428,83.67086029052734,5406300,0.0,0,72.71398774096589,73.41869512861297,71.67181047087084,71.69166564941406,9442200,0.0,0,152.97625074962886,154.622437908239,150.11287706245682,150.1228485107422,3864200,0.0,0,129.50328796462932,129.94144068694717,126.97396491753145,127.00383758544922,7772900,0.0,0,138.6896054210539,140.04608110521366,135.94673302596354,135.97665405273438,4882600,0.0,0,32.099998474121094,32.150001525878906,31.06999969482422,31.09000015258789,21702400,0,0,94.66438319366654,95.04271938337358,93.1908493041992,93.19084930419922,6737800,0.0,0,73.03553619552223,73.38275604435924,71.26966119361892,71.31926727294922,12883800,0.0,0,34.39664968240282,34.41654029807542,33.55115432642892,33.571048736572266,49715100,0.0,0,90.47538014051074,91.04894979153426,89.14035305572396,89.23924255371094,24588100,0.0,0
2022-06-10,81.10637063315478,81.10637063315478,80.01910400390625,80.01910400390625,3200,0.0,0,60.038455552915906,60.50556608875891,59.01479165477699,59.38251495361328,11718300,0.0,0,45.97509194641337,46.243313558312195,45.09095614583848,45.25983810424805,3449100,0.0,0,112.06999969482422,112.2699966430664,109.72000122070312,110.4800033569336,2227700,0.0,0,228.08999633789062,230.0500030517578,223.4199981689453,223.82000732421875,5571700,0,0,64.23055228086345,64.87713671927027,63.07665060520695,63.235809326171875,7250500,0.0,0,50.87828276413053,52.17238818354868,50.42036918143531,51.69456481933594,6208000,0.0,0,293.55999755859375,297.94000244140625,284.5799865722656,290.95001220703125,1308000,0,0,46.86000061035156,47.43000030517578,45.95000076293945,46.5,1187900,0.0,0,37.970001220703125,40.540000915527344,37.43000030517578,40.310001373291016,11075100,0,0,92.88829416602114,93.13671171745015,91.97411181512483,92.03373718261719,7259600,0.0,0,58.099998474121094,58.56999969482422,56.52000045776367,56.529998779296875,4362300,0.0,0,60.36021868466379,60.54971568683159,58.79436402178121,58.824283599853516,4091800,0.0,0,93.5,93.52999877929688,92.4000015258789,92.47000122070312,8669300,0.0,0,162.17383514985636,165.17595404691588,158.68462788825187,161.716552734375,7122000,0.0,0,82.05207102699246,82.19110805775126,80.99935233802591,81.10859680175781,8334200,0.0,0,70.80828557313463,71.94971591563555,70.44104810098237,71.38396453857422,17719700,0.0,0,147.02001997948324,147.9478670289391,143.68772949160177,144.13668823242188,6719500,0.0,0,125.50018657794425,126.12754300977636,124.47451776711469,124.96245574951172,11284800,0.0,0,133.6327377858024,134.05164737656938,130.7103392528659,130.75022888183594,10442300,0.0,0,30.639999389648438,32.79999923706055,30.360000610351562,32.56999969482422,35425100,0,0,91.53811463087918,91.7471957681033,90.4130492213773,90.44291687011719,10416600,0.0,0,70.61490241036532,71.40855423932948,70.17839314755254,70.77362823486328,16399800,0.0,0,32.84491694711884,32.96427960298978,32.32767371238425,32.357513427734375,74175200,0.0,0,88.21077537040452,89.53591878966078,86.70763538125073,87.72621154785156,31268000,0.0,0
2022-06-13,78.0939423884328,78.14381260925367,76.10892799695257,76.15879821777344,4600,0.0,0,57.802295283155786,58.74645320548585,57.34512535570688,57.71284866333008,11978100,0.0,0,44.1770167904951,44.60418409834813,43.531297709443415,43.769718170166016,4035800,0.0,0,107.62000274658203,108.20999908447266,105.37999725341797,105.97000122070312,2998300,0.0,0,215.74000549316406,218.1699981689453,210.66000366210938,211.3800048828125,6655500,0,0,61.286110652418515,62.131640599234,59.96310077450202,60.54999923706055,6596100,0.0,0,49.54435789883604,49.73349512759588,47.49369596651325,48.06111145019531,7593400,0.0,0,280.0,281.3699951171875,266.05999755859375,271.07000732421875,1557100,0,0,45.09000015258789,45.11000061035156,43.119998931884766,43.9900016784668,1627900,0.0,0,38.290000915527344,38.630001068115234,37.0,37.029998779296875,14172500,0,0,89.98676885738375,90.03645539870442,87.05544486590838,87.43303680419922,8559700,0.0,0,54.95000076293945,55.68000030517578,53.040000915527344,53.45000076293945,6090900,0.0,0,57.1088228933789,57.77705596609395,55.48312908983692,55.812255859375,5003800,0.0,0,90.5,90.5,87.52999877929688,87.91000366210938,11994400,0.0,0,155.07611199155414,155.9310193695265,147.70999303153428,151.6365966796875,9900500,0.0,0,79.03296591297173,79.21172888929691,77.4836842591703,77.9405288696289,10410200,0.0,0,70.32194591737361,70.80829177506922,69.55768814099478,69.84552764892578,22813000,0.0,0,139.1282733953698,140.62481276188203,136.44447702898415,137.48208618164062,10085900,0.0,0,122.49288689725103,123.23973401193683,120.67057811406046,121.17843627929688,14886200,0.0,0,126.63093001183664,127.83779288585333,124.496477311064,124.95528411865234,18166300,0.0,0,31.270000457763672,31.610000610351562,30.469999313354492,30.469999313354492,32964400,0,0,88.66074701131753,88.79017601976751,87.17725464132727,87.724853515625,18353300,0.0,0,69.87085585093497,70.0295816735972,67.18237147542888,67.51966857910156,26360700,0.0,0,31.54186250611981,31.929793994007653,31.20366704054788,31.392658233642578,104065100,0.0,0,85.06604051628292,85.1550463454679,81.49608212095973,83.1475601196289,44731300,0.0,0
2022-06-14,76.44807361544741,76.44807361544741,75.83960059956789,75.87950134277344,700,0.0,0,57.93149786361625,58.68682194062316,57.54389710099194,58.14020538330078,9055100,0.0,0,43.90879575151287,44.45517140189133,43.51142957511142,43.958465576171875,2609600,0.0,0,106.4000015258789,106.73999786376953,104.66999816894531,106.2300033569336,2611000,0.0,0,213.80999755859375,214.72999572753906,210.32000732421875,212.92999267578125,4547700,0,0,61.24632192338606,61.93269317931552,60.510214279863426,61.0274772644043,4298700,0.0,0,48.399571147863426,48.53893582430943,46.96610102204404,47.4339714050293,6770500,0.0,0,277.7300109863281,278.7099914550781,260.6300048828125,265.3800048828125,1510400,0,0,44.70000076293945,45.41999816894531,43.459999084472656,44.060001373291016,1635300,0.0,0,37.04999923706055,37.08000183105469,35.66999816894531,36.06999969482422,7700900,0,0,87.7311418746794,87.90006398730284,86.08164572242154,86.76728057861328,8707300,0.0,0,53.709999084472656,54.09000015258789,52.599998474121094,52.97999954223633,4952800,0.0,0,55.911995960930376,56.420647823133706,54.94455566472143,55.37342071533203,5096100,0.0,0,88.23999786376953,88.37999725341797,86.5999984741211,87.22000122070312,10648500,0.0,0,155.55327535032185,156.3684263509365,147.43166230402295,150.49342346191406,9080900,0.0,0,77.9206651678885,78.38743560090212,76.73884280148809,77.34465026855469,7850400,0.0,0,69.82566611510543,70.14328078933958,68.52543222566733,69.0217056274414,19864600,0.0,0,138.18045847734376,139.19810943775894,136.1551432280175,137.37232971191406,6677700,0.0,0,121.03902411980745,121.34771849273753,119.16692251024023,120.02330780029297,9299500,0.0,0,125.8928530951467,126.58106712740106,124.57627469189053,125.74324035644531,9125200,0.0,0,30.579999923706055,30.579999923706055,29.399999618530273,29.700000762939453,22331600,0,0,88.1031893524218,88.76030799882106,86.77900883693708,87.50581359863281,10512800,0.0,0,67.5990368256811,67.8470520789508,65.06927821480029,65.81332397460938,25671300,0.0,0,31.52197080462836,31.740803616737207,30.88536298326892,31.12409210205078,75592200,0.0,0,84.818817404462,85.90662456885026,82.21798651320967,83.3057861328125,34756400,0.0,0
2022-06-15,76.48797499615758,77.75479125976562,76.48797499615758,77.75479125976562,2500,0.0,0,58.69676168361039,59.511718093169456,57.85198720651636,58.60731506347656,9433600,0.0,0,44.365766438967164,44.941947044848575,43.650508801201255,44.23662185668945,4240900,0.0,0,107.16999816894531,109.7699966430664,106.2300033569336,108.66000366210938,2455400,0.0,0,215.52000427246094,220.44000244140625,211.86000061035156,216.8300018310547,5513300,0,0,61.64422091182629,63.11644000064145,61.15679520391002,62.251014709472656,4445300,0.0,0,48.210431934617965,49.15612565402587,47.24482843404961,48.42943572998047,6397800,0.0,0,266.3999938964844,268.5799865722656,255.69000244140625,259.94000244140625,784500,0,0,44.0099983215332,44.2400016784668,42.439998626708984,43.220001220703125,1719600,0.0,0,37.0,37.52000045776367,35.810001373291016,37.040000915527344,9130200,0,0,87.58208530191168,90.03645175420885,87.35354541573184,88.82417297363281,8851100,0.0,0,53.63999938964844,53.91999816894531,51.66999816894531,52.84000015258789,5776200,0.0,0,56.04164806889423,56.41067394921554,54.405978539189135,55.56291580200195,5174300,0.0,0,87.98999786376953,90.44000244140625,87.80000305175781,89.19000244140625,10030500,0.0,0,150.58288063905943,152.1932967729395,144.69794267496573,148.2666778564453,7303200,0.0,0,78.32785033598581,78.42716142058094,75.9145538532688,77.32479095458984,10429700,0.0,0,69.5080543811543,70.06387819144338,68.31700119552586,69.0911865234375,20069400,0.0,0,138.34009524088918,142.81972642687793,138.100643474657,141.2333984375,9060400,0.0,0,120.68053865130966,122.51279993276675,119.38600060878152,121.2381820678711,10301600,0.0,0,127.30917581368016,130.29143166477164,125.58366397344705,128.39634704589844,12534800,0.0,0,30.450000762939453,30.6200008392334,29.34000015258789,30.190000534057617,25359400,0,0,88.1927999014131,89.4074682386543,86.98808997894865,88.35209655761719,13335200,0.0,0,66.39864734377156,67.25182046467091,65.43634690028098,66.23991394042969,25832400,0.0,0,31.45234221378456,31.91984945134059,30.93509895272132,31.47223472595215,87858800,0.0,0,83.11789330503132,83.53323371820427,80.09182340029342,81.4664077758789,43223200,0.0,0
2022-06-16,75.8395943113229,75.8395943113229,73.99422885023446,74.01417541503906,2400,0.0,0,57.384880323190714,57.633342735102076,56.23201488357144,56.50035095214844,9855800,0.0,0,43.31274746622362,43.45182828380408,42.32927203121869,42.53788757324219,2764900,0.0,0,106.16000366210938,106.58999633789062,104.29000091552734,105.81999969482422,2992300,0.0,0,210.16000366210938,210.58999633789062,201.97999572753906,203.97999572753906,8435800,0,0,60.35105007426252,60.72905343971893,58.640094862290965,59.04793930053711,5700400,0.0,0,47.06564485975348,47.83215435684809,45.94077068896236,46.33895492553711,5401400,0.0,0,252.5800018310547,254.8300018310547,244.32000732421875,245.63999938964844,980800,0,0,42.099998474121094,42.27000045776367,40.400001525878906,40.72999954223633,1585900,0.0,0,36.43000030517578,37.810001373291016,35.810001373291016,37.5099983215332,7735100,0,0,86.71759171071352,87.4429742647307,86.11145988644657,86.48905181884766,8083300,0.0,0,51.36000061035156,51.5099983215332,48.63999938964844,49.130001068115234,6000000,0.0,0,53.99706141297468,54.0369567198948,51.44382264410092,51.89263153076172,5626900,0.0,0,87.3499984741211,87.91999816894531,86.56999969482422,86.94999694824219,11127100,0.0,0,143.9424561594423,145.76162019802405,137.55052856468996,138.85276794433594,10110900,0.0,0,75.20943702135935,75.45771852699616,73.89851097467502,74.53411102294922,9284700,0.0,0,68.14827190146055,69.09118840133388,67.71154885434531,68.56513977050781,19017100,0.0,0,137.24262979648182,137.40226431054617,132.73305372746773,134.31939697265625,12009700,0.0,0,119.01755100373605,119.53536924970376,118.2507913207305,119.45570373535156,9383300,0.0,0,125.13481701343328,125.24453251118679,122.1525689799271,123.169921875,16345400,0.0,0,29.899999618530273,30.989999771118164,29.450000762939453,30.760000228881836,28773200,0,0,86.62966368790691,86.67944057009208,84.9570070063786,85.40503692626953,13500700,0.0,0,65.4165064653815,65.4165064653815,64.44428332978323,64.96015930175781,24377200,0.0,0,30.83562891357447,30.845576118311605,30.41785580079147,30.676477432250977,100838500,0.0,0,79.30070291132148,79.73581822255194,76.21530069961817,76.87786865234375,57979100,0.0,0
2022-06-17,75.50045302073103,76.31839920172126,75.50045302073103,76.07899475097656,2900,0.0,0,56.95752348308293,58.00106483309182,56.828321970038644,57.3650016784668,9899400,0.0,0,42.835910254811395,43.551167871633545,42.60742602489649,43.124000549316406,4210300,0.0,0,106.31999969482422,110.9800033569336,106.31999969482422,109.55999755859375,5617100,0.0,0,205.0,207.1999969482422,201.05999755859375,205.64999389648438,7143300,0,0,59.44583521431009,60.70915917774324,58.88878160782455,60.172000885009766,9125900,0.0,0,46.61768851791892,47.07560210322769,45.333536083228964,46.329002380371094,5946400,0.0,0,246.1199951171875,249.0,233.80999755859375,235.16000366210938,1420000,0,0,40.45000076293945,40.7599983215332,38.16999816894531,38.65999984741211,2168200,0.0,0,37.220001220703125,37.310001373291016,36.36000061035156,36.7599983215332,6255500,0,0,86.4592397121537,88.28758910350406,86.34993539189891,87.14486694335938,7791800,0.0,0,49.09000015258789,49.709999084472656,48.02000045776367,49.15999984741211,6010000,0.0,0,52.03226170141335,52.77030966662086,51.09474480931951,52.13199996948242,5649100,0.0,0,87.19000244140625,88.7300033569336,86.80999755859375,87.66000366210938,12095000,0.0,0,138.17679895781677,138.93229254184635,126.83436887057043,128.7429962158203,15621300,0.0,0,74.42486554256989,74.94128773341602,73.1139395137065,74.40499877929688,12509800,0.0,0,68.68423882999247,69.06141147852854,68.00930667067324,68.31700134277344,24825300,0.0,0,134.3393438480619,136.96328106521358,133.86045551527042,135.7860107421875,11190800,0.0,0,119.4955397728249,121.27801581944816,119.34616882864451,119.38600158691406,13724900,0.0,0,123.14997626191386,125.47393890342785,122.28222849703077,124.2969970703125,13842100,0.0,0,30.700000762939453,30.790000915527344,30.139999389648438,30.389999389648438,17452400,0,0,85.30547519888857,86.03228755927837,84.2003266321305,85.18599700927734,14253500,0.0,0,65.05936579766227,65.51571297466286,63.819289479021975,64.3550033569336,21562800,0.0,0,30.746106337967127,31.11414532872628,30.467590293683568,30.766000747680664,116920400,0.0,0,76.34385871407363,76.90753718413757,71.79487364314545,72.67500305175781,64202800,0.0,0
2022-06-21,77.55000305175781,77.87000274658203,77.55000305175781,77.73999786376953,3100,0.191,0,58.40999984741211,58.88999938964844,57.880001068115234,58.290000915527344,7298000,0.355,0,44.099998474121094,44.29999923706055,43.599998474121094,43.849998474121094,2175600,0.286,0,111.19000244140625,112.80000305175781,111.19000244140625,111.87000274658203,2132700,0.0,0,209.75999450683594,214.30999755859375,209.72999572753906,211.47999572753906,5003100,0,0,61.38999938964844,62.34000015258789,60.810001373291016,61.0099983215332,5871700,0.318,0,47.400001525878906,48.380001068115234,47.150001525878906,47.2599983215332,4081600,0.211,0,242.39999389648438,251.25999450683594,239.97000122070312,246.4199981689453,1242500,0,0,39.619998931884766,40.91999816894531,39.619998931884766,40.630001068115234,1878800,0.0,0,36.77000045776367,37.43000030517578,36.349998474121094,36.75,4174300,0,0,87.94974640070532,89.31106964348857,87.90999868528881,88.35714721679688,5933100,0.0,0,49.900001525878906,50.77000045776367,48.86000061035156,49.5099983215332,5716900,0.0,0,53.08000183105469,53.59000015258789,52.11000061035156,52.4900016784668,4673200,0.138,0,88.5999984741211,89.86000061035156,88.5,89.02999877929688,5267800,0.0,0,132.0,135.80999755859375,131.5399932861328,134.02999877929688,9262000,0.767,0,75.56999969482422,75.87999725341797,74.94999694824219,75.52999877929688,5616600,0.515,0,69.12999725341797,70.33000183105469,68.80000305175781,70.13999938964844,16147200,0.513,0,138.47000122070312,141.22999572753906,138.22000122070312,139.6699981689453,6428300,0.314,0,121.05999755859375,123.1500015258789,120.66000366210938,122.5999984741211,7987200,0.504,0,126.11000061035156,128.36000061035156,126.11000061035156,127.45999908447266,8622500,0.323,0,30.350000381469727,30.950000762939453,30.190000534057617,30.5,15825200,0,0,86.52999877929688,87.06999969482422,85.93000030517578,86.73999786376953,9161600,0.374,0,64.58000183105469,65.94000244140625,64.41999816894531,65.58000183105469,18633200,0.515,0,31.469999313354492,31.579999923706055,31.190000534057617,31.3799991607666,58065800,0.164,0,74.61000061035156,76.95999908447266,74.4800033569336,76.44000244140625,35006700,0.815,0
2022-06-22,76.62000274658203,78.27999877929688,76.62000274658203,77.69999694824219,800,0.0,0,57.58000183105469,58.5099983215332,57.459999084472656,58.34000015258789,6878800,0.0,0,43.22999954223633,44.02000045776367,43.22999954223633,43.880001068115234,1987400,0.0,0,110.30000305175781,114.80000305175781,110.30000305175781,113.25,2563500,0.0,0,207.39999389648438,212.0,207.07000732421875,208.5,3597800,0,0,60.279998779296875,61.7599983215332,60.04999923706055,60.720001220703125,3927100,0.0,0,45.66999816894531,46.25,45.11000061035156,45.45000076293945,5282300,0.0,0,233.6999969482422,238.00999450683594,229.10000610351562,233.80999755859375,1109300,0,0,38.77000045776367,39.709999084472656,38.5099983215332,39.02000045776367,1755800,0.0,0,36.560001373291016,37.209999084472656,35.95000076293945,35.9900016784668,5629800,0,0,87.43303761690419,90.62271800691235,87.42310637342919,89.4800033569336,6250200,0.0,0,48.68000030517578,50.66999816894531,48.560001373291016,50.119998931884766,6626800,0.0,0,51.689998626708984,53.27000045776367,51.540000915527344,52.84000015258789,3615000,0.0,0,88.26000213623047,91.41000366210938,88.0999984741211,90.30999755859375,7123000,0.0,0,127.13999938964844,130.08999633789062,125.13999938964844,126.0,11927100,0.0,0,73.9000015258789,75.29000091552734,73.69000244140625,74.55999755859375,8032400,0.0,0,69.79000091552734,70.56999969482422,69.5199966430664,70.08999633789062,15207200,0.0,0,137.69000244140625,142.22999572753906,137.69000244140625,139.39999389648438,6010900,0.0,0,121.81999969482422,125.66999816894531,121.76000213623047,124.30000305175781,10188900,0.0,0,126.06999969482422,128.67999267578125,125.72000122070312,126.91999816894531,7581700,0.0,0,30.469999313354492,30.979999542236328,30.059999465942383,30.079999923706055,20321600,0,0,85.5199966430664,86.95999908447266,85.3499984741211,86.26000213623047,11136800,0.0,0,65.2300033569336,66.76000213623047,65.20999908447266,66.2699966430664,14291100,0.0,0,31.020000457763672,31.600000381469727,30.979999542236328,31.309999465942383,48035800,0.0,0,72.76000213623047,74.66999816894531,72.36000061035156,73.37999725341797,41212600,0.0,0
2022-06-23,77.91000366210938,79.0,77.91000366210938,79.0,4900,0.0,0,58.2599983215332,58.310001373291016,56.70000076293945,57.540000915527344,9191000,0.0,0,43.849998474121094,43.900001525878906,42.7400016784668,43.439998626708984,2895000,0.0,0,114.1500015258789,118.30999755859375,113.8499984741211,118.01000213623047,1920100,0.0,0,209.5399932861328,209.77000427246094,204.4199981689453,207.4199981689453,4246600,0,0,61.18000030517578,62.369998931884766,60.650001525878906,62.2599983215332,6077800,0.0,0,45.43000030517578,45.4900016784668,42.7599983215332,43.7599983215332,10087800,0.0,0,234.22000122070312,234.97000122070312,217.6199951171875,221.33999633789062,2249000,0,0,39.22999954223633,39.439998626708984,37.060001373291016,37.63999938964844,2216100,0.0,0,35.81999969482422,36.0099983215332,33.97999954223633,34.29999923706055,10679200,0,0,89.80999755859375,91.44000244140625,89.76000213623047,91.18000030517578,6139300,0.57,0,50.650001525878906,52.47999954223633,50.47999954223633,52.33000183105469,8071700,0.0,0,53.02000045776367,54.849998474121094,53.0,54.72999954223633,4484100,0.0,0,90.69000244140625,92.31999969482422,90.52999877929688,92.08000183105469,5966300,0.0,0,126.95999908447266,127.81999969482422,117.5199966430664,120.54000091552734,16082100,0.0,0,74.26000213623047,74.68000030517578,72.7699966430664,73.54000091552734,9467400,0.0,0,70.56999969482422,71.5199966430664,70.5,71.44999694824219,16570700,0.0,0,140.38999938964844,141.97000122070312,138.47000122070312,141.58999633789062,5888700,0.0,0,124.87999725341797,127.19000244140625,124.87999725341797,127.08999633789062,11943300,0.0,0,128.00999450683594,129.07000732421875,126.83999633789062,128.82000732421875,8021100,0.0,0,29.940000534057617,30.309999465942383,28.639999389648438,28.90999984741211,30743900,0,0,86.22000122070312,86.55999755859375,84.75,85.81999969482422,9744400,0.0,0,66.66000366210938,67.94999694824219,66.56999969482422,67.83000183105469,20570100,0.0,0,31.329999923706055,31.389999389648438,30.68000030517578,31.190000534057617,69348900,0.0,0,73.7300033569336,74.26000213623047,69.47000122070312,70.66000366210938,56921100,0.0,0
2022-06-24,79.93000030517578,80.62999725341797,79.87000274658203,80.44999694824219,34400,0.0,0,57.86000061035156,59.630001068115234,57.86000061035156,59.54999923706055,7835400,0.0,0,43.68000030517578,45.08000183105469,43.66999816894531,45.0,2699100,0.0,0,119.2300033569336,120.37000274658203,117.3499984741211,120.04000091552734,4176000,0.0,0,210.86000061035156,216.25999450683594,210.0500030517578,216.16000366210938,6331600,0,0,62.77000045776367,64.69999694824219,62.54999923706055,64.56999969482422,8541700,0.0,0,44.31999969482422,46.220001220703125,44.0,46.09000015258789,4801700,0.0,0,224.85000610351562,232.75,221.35000610351562,228.8000030517578,1219300,0,0,38.2599983215332,38.91999816894531,37.79999923706055,38.209999084472656,1705700,0.0,0,34.400001525878906,35.689998626708984,34.150001525878906,35.58000183105469,8582800,0,0,91.83000183105469,93.23999786376953,91.55999755859375,93.12000274658203,4656500,0.0,0,52.880001068115234,54.0099983215332,52.5,53.540000915527344,5401100,0.0,0,55.2400016784668,56.58000183105469,55.0,56.2599983215332,4346200,0.0,0,92.72000122070312,94.33000183105469,92.44000244140625,94.04000091552734,5548800,0.0,0,122.73999786376953,125.7300033569336,120.44000244140625,121.98999786376953,13055100,0.0,0,74.04000091552734,76.4800033569336,73.95999908447266,76.45999908447266,11247500,0.0,0,72.08000183105469,72.87999725341797,71.81999969482422,72.8499984741211,13437000,0.0,0,142.60000610351562,147.0399932861328,141.92999267578125,146.99000549316406,6702300,0.0,0,128.02000427246094,129.22000122070312,127.16000366210938,129.1999969482422,10448100,0.0,0,130.3000030517578,133.47999572753906,130.3000030517578,133.4499969482422,12746100,0.0,0,29.030000686645508,29.780000686645508,28.700000762939453,29.65999984741211,21568800,0,0,86.63999938964844,88.83000183105469,86.5999984741211,88.81999969482422,9634000,0.0,0,68.19000244140625,69.1500015258789,67.91999816894531,69.01000213623047,15037600,0.0,0,31.31999969482422,32.369998931884766,31.270000457763672,32.34000015258789,65489300,0.0,0,71.87000274658203,73.11000061035156,70.83000183105469,71.58999633789062,47398500,0.0,0
2022-06-27,80.4800033569336,81.0999984741211,80.37000274658203,80.63999938964844,4100,0.0,0,59.939998626708984,60.13999938964844,59.09000015258789,59.459999084472656,6861900,0.0,0,45.2599983215332,45.459999084472656,44.70000076293945,44.939998626708984,1243800,0.0,0,120.27999877929688,120.51000213623047,118.58000183105469,120.12000274658203,1763300,0.0,0,218.17999267578125,218.5,213.92999267578125,215.44000244140625,2711300,0,0,64.83999633789062,65.30999755859375,63.220001220703125,63.5099983215332,4029200,0.0,0,46.7599983215332,47.150001525878906,46.060001373291016,46.81999969482422,3768500,0.0,0,232.89999389648438,238.30999755859375,229.42999267578125,237.52000427246094,662200,0,0,38.65999984741211,39.59000015258789,38.59000015258789,39.31999969482422,1576200,0.0,0,35.16999816894531,35.369998931884766,34.52000045776367,35.2400016784668,8080100,0,0,93.05000305175781,93.98999786376953,92.43000030517578,92.9800033569336,3784200,0.0,0,53.5099983215332,54.31999969482422,52.97999954223633,53.75,3216800,0.0,0,56.43000030517578,56.88999938964844,55.84000015258789,56.34000015258789,2598000,0.0,0,93.87999725341797,94.87999725341797,93.3499984741211,93.83000183105469,6886500,0.0,0,124.04000091552734,128.52999877929688,122.75,127.56999969482422,10155000,0.0,0,76.4000015258789,76.66000366210938,75.5999984741211,75.83000183105469,6791900,0.0,0,72.91999816894531,73.04000091552734,72.44000244140625,72.6500015258789,10936500,0.0,0,147.7100067138672,148.47000122070312,144.97999572753906,145.4499969482422,7287100,0.0,0,129.1999969482422,130.22999572753906,128.7899932861328,129.67999267578125,8963600,0.0,0,133.8800048828125,134.27999877929688,131.9499969482422,132.5500030517578,6958600,0.0,0,29.459999084472656,29.579999923706055,29.059999465942383,29.469999313354492,17945700,0,0,89.29000091552734,89.29000091552734,88.20999908447266,88.61000061035156,6361300,0.0,0,68.86000061035156,69.7300033569336,68.58999633789062,69.56999969482422,11638400,0.0,0,32.59000015258789,32.59000015258789,32.08000183105469,32.22999954223633,47244800,0.0,0,72.41999816894531,74.19000244140625,72.33000183105469,73.69000244140625,33979400,0.0,0
2022-06-28,81.2699966430664,81.2699966430664,78.69999694824219,78.69999694824219,2900,0.0,0,59.91999816894531,60.58000183105469,59.04999923706055,59.11000061035156,4484700,0.0,0,45.2599983215332,45.83000183105469,44.61000061035156,44.65999984741211,1686100,0.0,0,119.9800033569336,120.41999816894531,116.87000274658203,117.36000061035156,1821000,0.0,0,216.3800048828125,218.80999755859375,209.97999572753906,210.00999450683594,4471500,0,0,63.75,64.41999816894531,61.08000183105469,61.189998626708984,6928900,0.0,0,47.439998626708984,47.75,45.81999969482422,46.040000915527344,3071200,0.0,0,243.57000732421875,246.91000366210938,239.3000030517578,242.6199951171875,912500,0,0,40.2400016784668,40.970001220703125,39.70000076293945,40.310001373291016,1549200,0.0,0,35.279998779296875,35.41999816894531,33.83000183105469,33.90999984741211,7063700,0,0,93.52999877929688,94.23999786376953,91.72000122070312,91.8499984741211,4735900,0.0,0,53.869998931884766,54.41999816894531,52.310001373291016,52.369998931884766,3992200,0.0,0,56.540000915527344,57.099998474121094,55.13999938964844,55.16999816894531,2520600,0.0,0,94.38999938964844,95.0,92.56999969482422,92.72000122070312,5507200,0.0,0,131.08999633789062,132.85000610351562,127.93000030517578,130.92999267578125,9964100,0.0,0,76.27999877929688,76.98999786376953,74.9000015258789,75.0199966430664,4923200,0.0,0,72.86000061035156,73.31999969482422,71.62000274658203,71.68000030517578,11004000,0.0,0,145.7899932861328,147.52000427246094,139.58999633789062,139.63999938964844,5683900,0.0,0,129.94000244140625,130.58999633789062,127.18000030517578,127.41999816894531,7518700,0.0,0,132.6699981689453,133.99000549316406,128.52000427246094,128.5800018310547,7630400,0.0,0,29.719999313354492,29.780000686645508,28.81999969482422,28.8700008392334,18484000,0,0,89.19999694824219,90.19999694824219,87.51000213623047,87.58000183105469,6476300,0.0,0,69.80000305175781,70.33999633789062,69.22000122070312,69.30999755859375,13185900,0.0,0,32.560001373291016,32.869998931884766,31.889999389648438,31.90999984741211,42459900,0.0,0,75.44000244140625,76.9000015258789,74.54000091552734,75.68000030517578,39784000,0.0,0
2022-06-29,77.69000244140625,78.58999633789062,77.69000244140625,78.58000183105469,2400,0.0,0,59.18000030517578,59.349998474121094,58.31999969482422,58.61000061035156,4596500,0.0,0,44.70000076293945,44.790000915527344,44.029998779296875,44.290000915527344,2091400,0.0,0,117.0199966430664,118.69999694824219,116.16000366210938,117.98999786376953,1300400,0.0,0,208.1300048828125,208.64999389648438,204.0399932861328,206.30999755859375,3853400,0,0,60.880001068115234,60.97999954223633,59.29999923706055,59.779998779296875,5364000,0.0,0,46.41999816894531,46.529998779296875,44.099998474121094,44.75,3707600,0.0,0,246.22999572753906,246.5500030517578,236.19000244140625,238.2899932861328,625700,0,0,40.869998931884766,40.959999084472656,38.810001373291016,38.91999816894531,1411600,0.0,0,34.400001525878906,34.400001525878906,32.959999084472656,33.2400016784668,5655900,0,0,91.33000183105469,91.45999908447266,90.2699966430664,91.27999877929688,4606700,0.0,0,52.27000045776367,52.59000015258789,51.349998474121094,52.25,2989900,0.0,0,55.08000183105469,55.209999084472656,54.029998779296875,54.939998626708984,3241800,0.0,0,92.12999725341797,92.3499984741211,91.0999984741211,92.16000366210938,5278200,0.0,0,132.69000244140625,133.55999755859375,123.38999938964844,124.0199966430664,8148800,0.0,0,75.16000366210938,75.29000091552734,73.70999908447266,74.4800033569336,5297400,0.0,0,71.95999908447266,72.43000030517578,71.79000091552734,72.12999725341797,9230600,0.0,0,139.57000732421875,140.49000549316406,138.02999877929688,139.52999877929688,5959600,0.0,0,127.58999633789062,129.1699981689453,127.38999938964844,128.52999877929688,9157700,0.0,0,128.4199981689453,129.61000061035156,127.37999725341797,128.83999633789062,6803600,0.0,0,29.15999984741211,29.270000457763672,28.18000030517578,28.440000534057617,17375400,0,0,87.75,87.76000213623047,86.37999725341797,87.06999969482422,6818200,0.0,0,69.41999816894531,69.62999725341797,68.91999816894531,69.36000061035156,15164700,0.0,0,31.940000534057617,32.060001373291016,31.6200008392334,31.729999542236328,64507500,0.0,0,76.7300033569336,76.98999786376953,72.83999633789062,73.05000305175781,35592000,0.0,0
2022-06-30,77.55000305175781,78.11000061035156,77.55000305175781,77.7699966430664,1400,0.0,0,57.599998474121094,58.81999969482422,56.869998931884766,58.09000015258789,7836200,0.0,0,43.47999954223633,44.459999084472656,42.970001220703125,43.880001068115234,2015600,0.0,0,117.01000213623047,118.98999786376953,115.95999908447266,117.62999725341797,2387500,0.0,0,203.0800018310547,207.1999969482422,200.22000122070312,203.72999572753906,4901100,0,0,59.02000045776367,59.2400016784668,57.349998474121094,58.15999984741211,6693700,0.0,0,43.7599983215332,44.31999969482422,42.650001525878906,43.400001525878906,4581600,0.0,0,231.8800048828125,238.75999450683594,229.57000732421875,232.60000610351562,911700,0,0,38.119998931884766,39.02000045776367,37.7400016784668,38.119998931884766,1599600,0.0,0,33.02000045776367,33.130001068115234,31.940000534057617,32.0,8133600,0,0,90.63999938964844,92.2300033569336,89.95999908447266,91.11000061035156,6402600,0.0,0,51.52000045776367,52.9900016784668,51.029998779296875,52.5,3602100,0.0,0,54.20000076293945,55.369998931884766,53.4900016784668,54.709999084472656,4013400,0.0,0,91.55999755859375,93.12999725341797,90.87999725341797,91.9800033569336,7746000,0.0,0,120.69999694824219,123.91999816894531,118.12999725341797,119.4800033569336,9710700,0.0,0,73.31999969482422,74.27999877929688,72.58000183105469,73.5999984741211,6930000,0.0,0,71.76000213623047,72.5,71.33000183105469,72.18000030517578,12670700,0.0,0,137.7100067138672,139.2100067138672,134.75999450683594,137.47999572753906,6284600,0.0,0,127.86000061035156,128.97000122070312,126.88999938964844,128.24000549316406,10697600,0.0,0,127.12999725341797,128.72000122070312,125.11000061035156,127.12000274658203,7860200,0.0,0,28.229999542236328,28.399999618530273,27.329999923706055,27.3799991607666,24080100,0,0,86.01000213623047,87.72000122070312,85.61000061035156,87.33999633789062,8708500,0.0,0,68.93000030517578,70.6500015258789,68.83999633789062,70.12999725341797,18868900,0.0,0,31.229999542236328,31.729999542236328,30.850000381469727,31.450000762939453,75294300,0.0,0,71.4800033569336,73.36000061035156,70.87000274658203,71.51000213623047,37766700,0.0,0
2022-07-01,77.62999725341797,78.33000183105469,77.0999984741211,78.19000244140625,3300,0.0,0,57.86000061035156,59.209999084472656,57.45000076293945,59.060001373291016,5636200,0.0,0,43.66999816894531,44.72999954223633,43.40999984741211,44.619998931884766,1943000,0.0,0,117.58999633789062,120.36000061035156,116.97000122070312,120.16999816894531,2046600,0.0,0,200.1999969482422,200.8300018310547,193.6199951171875,195.99000549316406,6462500,0,0,57.9900016784668,59.04999923706055,57.380001068115234,58.72999954223633,4131800,0.0,0,42.970001220703125,43.7599983215332,42.150001525878906,43.61000061035156,3818700,0.0,0,234.1300048828125,235.07000732421875,221.7899932861328,231.6300048828125,704400,0,0,38.52000045776367,38.77000045776367,37.369998931884766,38.619998931884766,2103700,0.0,0,31.440000534057617,33.27000045776367,31.229999542236328,33.04999923706055,9314200,0,0,90.97000122070312,93.01000213623047,90.80000305175781,92.75,4512500,0.0,0,52.41999816894531,55.0099983215332,52.41999816894531,54.849998474121094,5172400,0.0,0,54.79999923706055,56.75,54.77000045776367,56.560001373291016,3207200,0.0,0,91.79000091552734,93.95999908447266,91.72000122070312,93.70999908447266,7157500,0.0,0,120.86000061035156,121.7699966430664,116.19000244140625,120.91999816894531,6300800,0.0,0,72.98999786376953,74.2300033569336,72.19000244140625,74.12000274658203,8215900,0.0,0,72.19999694824219,73.2699966430664,72.08000183105469,73.22000122070312,11664100,0.0,0,137.6999969482422,140.19000244140625,137.1699981689453,140.00999450683594,5667400,0.0,0,128.2899932861328,129.85000610351562,126.86000061035156,129.67999267578125,9366600,0.0,0,126.31999969482422,127.7300033569336,125.2300033569336,127.41000366210938,6964800,0.0,0,26.959999084472656,28.3700008392334,26.829999923706055,28.15999984741211,30974500,0,0,87.18000030517578,88.38999938964844,86.51000213623047,88.0999984741211,11717900,0.0,0,70.48999786376953,71.97000122070312,70.20999908447266,71.8499984741211,17127900,0.0,0,31.350000381469727,31.979999542236328,31.139999389648438,31.8799991607666,77302400,0.0,0,72.37999725341797,72.88999938964844,70.12999725341797,72.58000183105469,34597000,0.0,0
